wilders.csv:Laure,Gaudin,Biarritz,France,2019,PHP
wilders.csv:Inès,Descamps,Biarritz,France,2019,PHP
wilders.csv:Roger,Normand,Biarritz,France,2019,PHP
wilders.csv:Élisabeth,Laporte,Biarritz,France,2019,PHP
wilders.csv:Laurent,"Le Roux",Biarritz,France,2019,PHP
wilders.csv:Théophile,Blanc,Bordeaux,France,2019,PHP
wilders.csv:Julie,Charrier,Bordeaux,France,2019,PHP
wilders.csv:Élodie,Moreau,Bordeaux,France,2019,PHP
wilders.csv:Renée,Guilbert,Bordeaux,France,2019,PHP
wilders.csv:Margot,Maillard,Bordeaux,France,2019,PHP
wilders.csv:Victoire,Wagner,"La Loupe",France,2019,PHP
wilders.csv:Patricia,David,"La Loupe",France,2019,PHP
wilders.csv:André,Joly,"La Loupe",France,2019,PHP
wilders.csv:Laurent,Merle,"La Loupe",France,2019,PHP
wilders.csv:Camille,Berger,"La Loupe",France,2019,PHP
wilders.csv:Michèle,Chevalier,"La Loupe",France,2019,PHP
wilders.csv:Rémy,Perret,"La Loupe",France,2019,PHP
wilders.csv:Hortense,Guerin,"La Loupe",France,2019,PHP
wilders.csv:Alphonse,Morvan,"La Loupe",France,2019,PHP
wilders.csv:Benoît,Marty,"La Loupe",France,2019,PHP
wilders.csv:Denis,Pottier,"La Loupe",France,2019,PHP
wilders.csv:Hortense,Goncalves,Lille,France,2019,PHP
wilders.csv:Nath,Remy,Lille,France,2019,PHP
wilders.csv:Gabriel,Lelievre,Lille,France,2019,PHP
wilders.csv:Auguste,Gillet,Lille,France,2019,PHP
wilders.csv:Daniel,Lombard,Lille,France,2019,PHP
wilders.csv:Xavier,Bazin,Lille,France,2019,PHP
wilders.csv:René,Moreau,Lyon,France,2019,PHP
wilders.csv:Gérard,Boutin,Lyon,France,2019,PHP
wilders.csv:Arnaude,Charpentier,Lyon,France,2019,PHP
wilders.csv:Françoise,Normand,Lyon,France,2019,PHP
wilders.csv:Honoré,Gerard,Lyon,France,2019,PHP
wilders.csv:Émile,Michel,Lyon,France,2019,PHP
wilders.csv:Julie,Allain,Lyon,France,2019,PHP
wilders.csv:Yves,Herve,Lyon,France,2019,PHP
wilders.csv:Caroline,Vaillant,Lyon,France,2019,PHP
wilders.csv:Margaux,Besson,Marseille,France,2019,PHP
wilders.csv:Daniel,Joly,Marseille,France,2019,PHP
wilders.csv:Sylvie,Duval,Marseille,France,2019,PHP
wilders.csv:Margot,Gomez,Marseille,France,2019,PHP
wilders.csv:Caroline,Moreno,Marseille,France,2019,PHP
wilders.csv:Laure,Chretien,Marseille,France,2019,PHP
wilders.csv:Benjamin,Gilbert,Marseille,France,2019,PHP
wilders.csv:Maurice,Remy,Marseille,France,2019,PHP
wilders.csv:Pauline,Valentin,Marseille,France,2019,PHP
wilders.csv:Hugues,Dumont,Marseille,France,2019,PHP
wilders.csv:Claudine,Couturier,Marseille,France,2019,PHP
wilders.csv:Marguerite,Blanc,Nantes,France,2019,PHP
wilders.csv:Élodie,Carlier,Nantes,France,2019,PHP
wilders.csv:Grégoire,Coste,Nantes,France,2019,PHP
wilders.csv:Victor,Toussaint,Nantes,France,2019,PHP
wilders.csv:Alain,Boutin,Nantes,France,2019,PHP
wilders.csv:Nathalie,Lopez,Nantes,France,2019,PHP
wilders.csv:Nathalie,Hebert,Nantes,France,2019,PHP
wilders.csv:Antoine,Delmas,Nantes,France,2019,PHP
wilders.csv:Léon,Poirier,Nantes,France,2019,PHP
wilders.csv:Nicolas,Dubois,Orleans,France,2019,PHP
wilders.csv:Jeanne,Gonzalez,Orleans,France,2019,PHP
wilders.csv:Christine,Leclerc,Orleans,France,2019,PHP
wilders.csv:Isabelle,Marin,Orleans,France,2019,PHP
wilders.csv:Suzanne,Pages,Orleans,France,2019,PHP
wilders.csv:Anaïs,Blondel,Orleans,France,2019,PHP
wilders.csv:Maurice,Moreno,Orleans,France,2019,PHP
wilders.csv:Denise,Levy,Paris,France,2019,PHP
wilders.csv:Catherine,Nicolas,Paris,France,2019,PHP
wilders.csv:Hortense,Vaillant,Paris,France,2019,PHP
wilders.csv:Émile,Garcia,Paris,France,2019,PHP
wilders.csv:Clémence,Traore,Paris,France,2019,PHP
wilders.csv:Victoire,Grondin,Reims,France,2019,PHP
wilders.csv:Simone,"De Sousa",Reims,France,2019,PHP
wilders.csv:Raymond,Renaud,Reims,France,2019,PHP
wilders.csv:Bertrand,Mary,Reims,France,2019,PHP
wilders.csv:Jean,Pottier,Reims,France,2019,PHP
wilders.csv:Philippe,Ribeiro,Reims,France,2019,PHP
wilders.csv:Émile,Perret,Reims,France,2019,PHP
wilders.csv:Nicolas,Guyon,Strasbourg,France,2019,PHP
wilders.csv:Manon,Clement,Strasbourg,France,2019,PHP
wilders.csv:Émile,Dumas,Strasbourg,France,2019,PHP
wilders.csv:Henri,Carlier,Strasbourg,France,2019,PHP
wilders.csv:Dominique,"Da Silva",Strasbourg,France,2019,PHP
wilders.csv:Yves,Blin,Strasbourg,France,2019,PHP
wilders.csv:David,Dupuis,Strasbourg,France,2019,PHP
wilders.csv:Susanne,Lucas,Toulouse,France,2019,PHP
wilders.csv:Roger,Garcia,Toulouse,France,2019,PHP
wilders.csv:Isaac,Martineau,Toulouse,France,2019,PHP
wilders.csv:Éléonore,Laroche,Toulouse,France,2019,PHP
wilders.csv:Marguerite,Bertin,Toulouse,France,2019,PHP
wilders.csv:Odette,Carlier,Toulouse,France,2019,PHP
wilders.csv:Joseph,Rodriguez,Toulouse,France,2019,PHP
wilders.csv:Camille,Raymond,Toulouse,France,2019,PHP
wilders.csv:Anastasie,Roux,Toulouse,France,2019,PHP
wilders.csv:Richard,Rodrigues,Toulouse,France,2019,PHP
wilders.csv:Julie,Perez,Tours,France,2019,PHP
wilders.csv:Zoé,Vasseur,Tours,France,2019,PHP
wilders.csv:Anaïs,Lebon,Tours,France,2019,PHP
wilders.csv:Henri,Riviere,Tours,France,2019,PHP
wilders.csv:Françoise,Godard,Tours,France,2019,PHP
wilders.csv:Nikola,Bischoff,Berlin,Germany,2019,PHP
wilders.csv:Wolf-Dieter,Kessler,Berlin,Germany,2019,PHP
wilders.csv:Hermine,Albers,Berlin,Germany,2019,PHP
wilders.csv:Leonore,Schütze,Berlin,Germany,2019,PHP
wilders.csv:Ria,Krauß,Berlin,Germany,2019,PHP
wilders.csv:Paula,Reimer,Berlin,Germany,2019,PHP
wilders.csv:Roger,Strobel,Berlin,Germany,2019,PHP
wilders.csv:Silvio,Wilhelm,Berlin,Germany,2019,PHP
wilders.csv:Dylan,Wauters,Brussels,Belgium,2019,PHP
wilders.csv:Lina,Hendrickx,Brussels,Belgium,2019,PHP
wilders.csv:Eva,Christiaens,Brussels,Belgium,2019,PHP
wilders.csv:Lena,Vermeiren,Brussels,Belgium,2019,PHP
wilders.csv:Charlotte,Verstraete,Brussels,Belgium,2019,PHP
wilders.csv:Finn,Lecocq,Brussels,Belgium,2019,PHP
wilders.csv:Raphaël,Piron,Brussels,Belgium,2019,PHP
wilders.csv:Chloé,Delfosse,Brussels,Belgium,2019,PHP
wilders.csv:Luca,Descamps,Brussels,Belgium,2019,PHP
wilders.csv:Adelaida,Cosma,Bucharest,Romania,2019,PHP
wilders.csv:Carmen,Petcu,Bucharest,Romania,2019,PHP
wilders.csv:Nora,Moraru,Bucharest,Romania,2019,PHP
wilders.csv:Zaraza,Lazar,Bucharest,Romania,2019,PHP
wilders.csv:Tudor,Florea,Bucharest,Romania,2019,PHP
wilders.csv:Xenia,Man,Bucharest,Romania,2019,PHP
wilders.csv:Nora,Marin,Bucharest,Romania,2019,PHP
wilders.csv:Rafila,Crisan,Bucharest,Romania,2019,PHP
wilders.csv:Bárbara,Gomes,Lisbon,Portugal,2019,PHP
wilders.csv:Eva,Tavares,Lisbon,Portugal,2019,PHP
wilders.csv:Gil,Matos,Lisbon,Portugal,2019,PHP
wilders.csv:Marta,Carneiro,Lisbon,Portugal,2019,PHP
wilders.csv:Eva,Lopes,Lisbon,Portugal,2019,PHP
wilders.csv:Vicente,Neves,Lisbon,Portugal,2019,PHP
wilders.csv:Mitchell,Walker,London,"United Kingdom",2019,PHP
wilders.csv:Jeffery,Tremblay,London,"United Kingdom",2019,PHP
wilders.csv:Vena,Kunde,London,"United Kingdom",2019,PHP
wilders.csv:Gerda,King,London,"United Kingdom",2019,PHP
wilders.csv:Manley,Rempel,London,"United Kingdom",2019,PHP
wilders.csv:Stefan,Bauch,London,"United Kingdom",2019,PHP
wilders.csv:Joseph,Terry,London,"United Kingdom",2019,PHP
wilders.csv:Virginie,Brakus,London,"United Kingdom",2019,PHP
wilders.csv:Guillermo,Delapaz,Madrid,Spain,2019,PHP
wilders.csv:Angela,Lorenzo,Madrid,Spain,2019,PHP
wilders.csv:Rafael,Toledo,Madrid,Spain,2019,PHP
wilders.csv:Sofía,Mascareñas,Madrid,Spain,2019,PHP
wilders.csv:Víctor,Véliz,Madrid,Spain,2019,PHP
wilders.csv:Nora,Alfonso,Madrid,Spain,2019,PHP
wilders.csv:Mireia,Delatorre,Madrid,Spain,2019,PHP
wilders.csv:David,Vergara,Madrid,Spain,2019,PHP
